{
  "comp_df": {
    "Accuracy": {
      "LR": 0.7886966701352758,
      "XGB": 0.938865764828304,
      "NN": 0.9394510926118628,
      "BRF": 0.8386446409989594,
      "EEC": 0.7860952133194589,
      "TAB": 0.9393860561914672
    },
    "F1": {
      "LR": 0.8756934613765925,
      "XGB": 0.9682475341170113,
      "NN": 0.9685992782218624,
      "BRF": 0.90825721998299,
      "EEC": 0.8738832010429848,
      "TAB": 0.968511385904453
    },
    "Precision": {
      "LR": 0.9763672041634672,
      "XGB": 0.9436397155649195,
      "NN": 0.9426245650889516,
      "BRF": 0.9725984002534253,
      "EEC": 0.9770213495670068,
      "TAB": 0.944078514029772
    },
    "Recall": {
      "LR": 0.7938401775804661,
      "XGB": 0.994173140954495,
      "NN": 0.9960460599334072,
      "BRF": 0.8519006659267481,
      "EEC": 0.7904411764705882,
      "TAB": 0.9942425083240845
    },
    "ROC AUC": {
      "LR": 0.8379107848917869,
      "XGB": 0.8423820537943951,
      "NN": 0.8408543097368664,
      "BRF": 0.8345963975212726,
      "EEC": 0.8378007364502407,
      "TAB": 0.8385355247641509
    },
    "PR AUC": {
      "LR": 0.9846408208296322,
      "XGB": 0.9848949430929153,
      "NN": 0.9849254531067128,
      "BRF": 0.9842339894608374,
      "EEC": 0.9847358351619548,
      "TAB": 0.9842924855473324
    }
  },
  "recommendation": {
    "recommended_model": "XGB",
    "reason": "Highest weighted score (ROC AUC primary, PR AUC + F1 secondary), ties broken by F1",
    "scores": {
      "Accuracy": 0.938865764828304,
      "F1": 0.9682475341170113,
      "Precision": 0.9436397155649195,
      "Recall": 0.994173140954495,
      "ROC AUC": 0.8423820537943951,
      "PR AUC": 0.9848949430929153,
      "ROC AUC_norm": 1.0,
      "PR AUC_norm": 0.9558761852781454,
      "F1_norm": 0.9962863315782506,
      "Precision_norm": 0.029512946962107843,
      "Recall_norm": 0.99089068825911,
      "final_score": 0.8904325033712792
    },
    "comp_table_path": "Visualizations\\Results\\model_comparison_metrics.csv"
  }
}