{
  "best_params": {
    "n_estimators": 200,
    "max_depth": 3,
    "learning_rate": 0.04810467235924964
  },
  "best_value": 0.8386542793396136
}